-- phpMyAdmin SQL Dump
-- version 4.8.2
-- https://www.phpmyadmin.net/
--
-- Host: 127.0.0.1
-- Generation Time: Jan 25, 2019 at 08:29 AM
-- Server version: 10.1.34-MariaDB
-- PHP Version: 7.2.7

SET SQL_MODE = "NO_AUTO_VALUE_ON_ZERO";
SET AUTOCOMMIT = 0;
START TRANSACTION;
SET time_zone = "+00:00";


/*!40101 SET @OLD_CHARACTER_SET_CLIENT=@@CHARACTER_SET_CLIENT */;
/*!40101 SET @OLD_CHARACTER_SET_RESULTS=@@CHARACTER_SET_RESULTS */;
/*!40101 SET @OLD_COLLATION_CONNECTION=@@COLLATION_CONNECTION */;
/*!40101 SET NAMES utf8mb4 */;

--
-- Database: `shopm`
--

-- --------------------------------------------------------

--
-- Table structure for table `items`
--

CREATE TABLE `items` (
  `item_id` int(10) UNSIGNED NOT NULL,
  `item_name` varchar(40) NOT NULL,
  `item_desc` text NOT NULL,
  `item_price` double NOT NULL,
  `item_unique_name` varchar(256) NOT NULL,
  `item_stock_count` int(11) NOT NULL,
  `item_last_stock_upd` timestamp NOT NULL DEFAULT CURRENT_TIMESTAMP ON UPDATE CURRENT_TIMESTAMP,
  `item_added_date` timestamp NOT NULL DEFAULT CURRENT_TIMESTAMP
) ENGINE=InnoDB DEFAULT CHARSET=latin1;

--
-- Dumping data for table `items`
--

INSERT INTO `items` (`item_id`, `item_name`, `item_desc`, `item_price`, `item_unique_name`, `item_stock_count`, `item_last_stock_upd`, `item_added_date`) VALUES
(2, 'Salad', 'This is the best salad ever', 480, 'ytd5sdtvxc67374323j4v43', 30, '2018-12-20 15:59:58', '2018-12-07 06:29:31'),
(3, 'Milkit New', 'the coolest chocolate', 3400, 'abd3b9d1c3cfb968eda57808034072f167b181c8294375283bf8237d81cc30eb', 99, '2018-12-27 18:13:41', '0000-00-00 00:00:00'),
(4, 'otre', 'autre', 400, 'dbdc83371d23408f84f852406ed3083bc52512670f174ff9ee0fe118f24f5bac', 44, '2018-12-20 15:59:31', '2018-12-14 03:58:38'),
(7, 'ph', '[description]', 1450, 'c7c3ef974f71b7030b4ced02747a41c855c465eb9dafebd33f260e54760dc45f', 50, '2018-12-27 16:47:55', '2018-12-14 05:34:48'),
(8, 'jouet enfant', '[description]', 10500, '5ba05687f52ed36401948e3ccbe71375de4c6c9fc6733e09d1b9c0c5c07b9cb2', 25, '2018-12-23 14:55:08', '2018-12-20 10:53:17'),
(9, 'chaussures holmes', '[description]', 32000, '7649165fed189e3bbca8e6c9780bc9f565d477c922b7dd9d2074f4d873e428c2', 5, '2018-12-25 06:26:54', '2018-12-22 12:46:48'),
(10, 'simba', '[description]', 3000, '8cfe047faff470f4ec33aece9722f3afd72374df5a50a29aab4424f4cf93b12c', 45, '2018-12-27 16:48:52', '2018-12-25 06:22:03'),
(11, 'chaussure', '[description]', 32000, 'bfea0f3df14dcb8c1f590efee24d4d7573f5d65846014bfe4d19f4cb2b3b92cf', 1000, '2018-12-25 06:22:47', '2018-12-25 06:22:47'),
(12, 'chemise', '[description]', 32000, 'c3abf976a4710b0ab05a0b3846cc3c44f47ce2912c36fbd1f5a75c731e3b65e9', 20, '2019-01-20 13:24:14', '2019-01-20 13:24:14'),
(13, 'ordinateur', '[description]', 100000, '7b7921630723e6b1763a9ecae2a3c61141be8c7b8e1da2fd61e12ea59c6f9b59', 95, '2019-01-20 13:29:00', '2019-01-20 13:28:12');

-- --------------------------------------------------------

--
-- Table structure for table `sells`
--

CREATE TABLE `sells` (
  `sell_id` int(10) UNSIGNED NOT NULL,
  `sell_invoice_uid` varchar(256) NOT NULL,
  `sell_item_id` int(11) NOT NULL,
  `sell_qty` int(11) NOT NULL DEFAULT '1',
  `sell_item_cur_price` double NOT NULL DEFAULT '0',
  `sell_exch_rate` int(11) NOT NULL DEFAULT '1600',
  `sell_remaining_stock` int(11) NOT NULL DEFAULT '0',
  `sell_date` timestamp NOT NULL DEFAULT CURRENT_TIMESTAMP
) ENGINE=InnoDB DEFAULT CHARSET=latin1;

--
-- Dumping data for table `sells`
--

INSERT INTO `sells` (`sell_id`, `sell_invoice_uid`, `sell_item_id`, `sell_qty`, `sell_item_cur_price`, `sell_exch_rate`, `sell_remaining_stock`, `sell_date`) VALUES
(1, '38423gfbdsdfhb', 4, 1, 0, 1600, 0, '2018-12-07 07:00:02'),
(2, '1544166570', 4, 1, 0, 1600, 0, '0000-00-00 00:00:00'),
(3, '1544166590', 4, 1, 0, 1600, 0, '0000-00-00 00:00:00'),
(4, '1544166636', 4, 1, 0, 1600, 0, '0000-00-00 00:00:00'),
(5, '1544166666', 4, 1, 0, 1600, 0, '0000-00-00 00:00:00'),
(6, '1544166689', 4, 1, 0, 1600, 0, '2018-12-07 07:00:02'),
(7, '1544166742', 4, 1, 0, 1600, 0, '0000-00-00 00:00:00'),
(8, '1544166808', 4, 1, 0, 1600, 0, '2018-12-07 07:13:28'),
(9, 'weqeqwe', 4, 10, 0, 1600, 0, '2018-12-08 08:55:41'),
(10, '1544259772', 0, 0, 0, 0, 0, '2018-12-08 09:02:52'),
(11, '1544259955', 3, 1, 0, 1600, 0, '2018-12-08 09:05:55'),
(12, '1544260427', 3, 2, 0, 1600, 98, '2018-12-08 09:13:47'),
(13, '1544260641', 3, 5, 0, 1600, 93, '2018-12-08 09:17:21'),
(14, '1544260761', 3, 5, 0, 1600, 93, '2018-12-08 09:19:21'),
(15, '1544260853', 3, 4, 0, 1600, 89, '2018-12-08 09:20:53'),
(16, '1544261351', 3, 1, 0, 1600, 88, '2018-12-08 09:29:11'),
(17, '1544261384', 3, 1, 0, 1600, 87, '2018-12-08 09:29:44'),
(18, '1544261868', 3, 1, 0, 1600, 86, '2018-12-08 09:37:48'),
(19, '1544262004', 3, 1, 0, 1600, 85, '2018-12-08 09:40:04'),
(20, '1544262032', 3, 1, 0, 1600, 84, '2018-12-08 09:40:32'),
(21, '1544262122', 1, 1, 0, 1600, 99, '2018-12-08 09:42:02'),
(22, '1544262142', 3, 5, 0, 1600, 79, '2018-12-08 09:42:22'),
(23, '1544262169', 3, 66, 0, 1600, 13, '2018-12-08 09:42:49'),
(24, '1544262386', 1, 55, 0, 1600, 44, '2018-12-08 09:46:26'),
(25, '1544263009', 2, 76, 0, 1600, 0, '2018-12-08 09:56:49'),
(26, '1544263029', 3, 8, 0, 1600, 5, '2018-12-08 09:57:09'),
(27, '1544263038', 3, 15, 0, 1600, -10, '2018-12-08 09:57:18'),
(28, '1544263278', 1, 43, 0, 1600, 1, '2018-12-08 10:01:18'),
(29, '1544263289', 1, 1, 0, 1600, 0, '2018-12-08 10:01:29'),
(30, '1544264061', 2, 21, 0, 1600, 3, '2018-12-08 10:14:21'),
(31, '1544264068', 2, 3, 0, 1600, 0, '2018-12-08 10:14:28'),
(32, '1544271455', 3, 1, 0, 1600, 99, '2018-12-08 12:17:35'),
(33, '1544289593', 3, 98, 0, 1600, 1, '2018-12-08 17:19:53'),
(34, '1544477216', 3, 1, 0, 1600, 0, '2018-12-10 21:26:56'),
(35, '1544523951', 3, 98, 0, 1600, 2, '2018-12-11 10:25:51'),
(36, '1544523964', 3, 2, 0, 1600, 0, '2018-12-11 10:26:04'),
(37, '1544523990', 2, 99, 0, 1600, 1, '2018-12-11 10:26:30'),
(38, '1544524017', 2, 1, 0, 1600, 0, '2018-12-11 10:26:57'),
(39, '1544535757', 2, 7, 0, 1600, 13, '2018-12-11 13:42:37'),
(40, '1544535770', 2, 12, 0, 1600, 1, '2018-12-11 13:42:50'),
(41, '1544536718', 1, 1, 0, 1600, 99, '2018-12-11 13:58:38'),
(42, '1544537338', 1, 5, 0, 1600, 94, '2018-12-11 14:08:58'),
(43, '1544736116', 1, 9, 0, 1600, 85, '2018-12-13 21:21:56'),
(44, '1544736128', 2, 1, 0, 1600, 0, '2018-12-13 21:22:08'),
(45, '1544736143', 3, 23, 0, 1600, 4977, '2018-12-13 21:22:23'),
(46, '1544758753', 3, 34, 0, 1600, 4943, '2018-12-14 03:39:13'),
(47, '1544758796', 3, 136, 0, 1600, 4807, '2018-12-14 03:39:56'),
(48, '1544760122', 1, 38, 0, 1600, 47, '2018-12-14 04:02:02'),
(49, '1544762494', 3, 1, 3400, 1600, 4806, '2018-12-14 04:41:34'),
(50, '1544762545', 2, 1, 450, 1600, 99, '2018-12-14 04:42:25'),
(51, '1544762563', 2, 3, 480, 1600, 96, '2018-12-14 04:42:43'),
(52, '1544765716', 7, 20, 1450, 1600, 3, '2018-12-14 05:35:16'),
(53, '1545298909', 1, 15, 200, 1600, 32, '2018-12-20 09:41:49'),
(54, '1545298947', 1, 3, 200, 1600, 29, '2018-12-20 09:42:27'),
(55, '1545298973', 2, 7, 480, 1600, 89, '2018-12-20 09:42:53'),
(56, '1545299003', 3, 9, 3400, 1600, 4797, '2018-12-20 09:43:23'),
(57, '1545299131', 7, 3, 1450, 1600, 0, '2018-12-20 09:45:31'),
(58, '1545303207', 8, 4, 10500, 1600, 46, '2018-12-20 10:53:27'),
(59, '1545303269', 8, 1, 10500, 1600, 45, '2018-12-20 10:54:29'),
(60, '1545305541', 1, 26, 200, 1600, 3, '2018-12-20 11:32:21'),
(61, '1545305673', 1, 3, 200, 1600, 0, '2018-12-20 11:34:33'),
(62, '1545306559', 8, 5, 10500, 1600, 40, '2018-12-20 11:49:19'),
(63, '1545306569', 8, 7, 10500, 1600, 33, '2018-12-20 11:49:29'),
(64, '1545306582', 4, 5, 400, 1600, 45, '2018-12-20 11:49:42'),
(65, '1545320741', 2, 48, 480, 1600, 41, '2018-12-20 15:45:41'),
(66, '1545320771', 2, 4, 480, 1600, 37, '2018-12-20 15:46:11'),
(67, '1545320784', 2, 1, 480, 1600, 36, '2018-12-20 15:46:24'),
(68, '1545321088', 8, 4, 10500, 1600, 29, '2018-12-20 15:51:28'),
(69, '1545321571', 4, 1, 400, 1600, 44, '2018-12-20 15:59:31'),
(70, '1545321597', 2, 6, 480, 1600, 30, '2018-12-20 15:59:57'),
(71, '1545482867', 9, 3, 32000, 1600, 7, '2018-12-22 12:47:47'),
(72, '1545576908', 8, 4, 10500, 1600, 25, '2018-12-23 14:55:08'),
(73, '1545719082', 10, 3, 3000, 1600, 47, '2018-12-25 06:24:42'),
(74, '1545719120', 10, 47, 3000, 1600, 0, '2018-12-25 06:25:20'),
(75, '1545719214', 9, 2, 32000, 1600, 5, '2018-12-25 06:26:54'),
(76, '1545934490', 1, 43, 200, 1600, 157, '2018-12-27 18:14:50'),
(77, '1547990940', 13, 5, 100000, 1600, 95, '2019-01-20 13:29:00');

-- --------------------------------------------------------

--
-- Table structure for table `stock_history`
--

CREATE TABLE `stock_history` (
  `sh_id` int(10) UNSIGNED NOT NULL,
  `sh_item_id` int(11) NOT NULL,
  `sh_old` int(11) NOT NULL,
  `sh_new` int(11) NOT NULL,
  `sh_date` timestamp NOT NULL DEFAULT CURRENT_TIMESTAMP
) ENGINE=InnoDB DEFAULT CHARSET=latin1;

--
-- Dumping data for table `stock_history`
--

INSERT INTO `stock_history` (`sh_id`, `sh_item_id`, `sh_old`, `sh_new`, `sh_date`) VALUES
(1, 3, 4397, 500, '2018-12-27 16:42:03'),
(2, 7, 0, 50, '2018-12-27 16:47:55'),
(3, 1, 0, 100, '2018-12-27 16:48:18'),
(4, 10, 0, 45, '2018-12-27 16:48:52'),
(5, 3, 4797, 10, '2018-12-27 16:49:29'),
(6, 3, 10, 50, '2018-12-27 18:11:28'),
(7, 3, 50, 99, '2018-12-27 18:13:41'),
(8, 1, 100, 200, '2018-12-27 18:14:32'),
(9, 1, 157, 200, '2018-12-27 18:15:14');

--
-- Indexes for dumped tables
--

--
-- Indexes for table `items`
--
ALTER TABLE `items`
  ADD PRIMARY KEY (`item_id`);

--
-- Indexes for table `sells`
--
ALTER TABLE `sells`
  ADD PRIMARY KEY (`sell_id`);

--
-- Indexes for table `stock_history`
--
ALTER TABLE `stock_history`
  ADD PRIMARY KEY (`sh_id`);

--
-- AUTO_INCREMENT for dumped tables
--

--
-- AUTO_INCREMENT for table `items`
--
ALTER TABLE `items`
  MODIFY `item_id` int(10) UNSIGNED NOT NULL AUTO_INCREMENT, AUTO_INCREMENT=14;

--
-- AUTO_INCREMENT for table `sells`
--
ALTER TABLE `sells`
  MODIFY `sell_id` int(10) UNSIGNED NOT NULL AUTO_INCREMENT, AUTO_INCREMENT=78;

--
-- AUTO_INCREMENT for table `stock_history`
--
ALTER TABLE `stock_history`
  MODIFY `sh_id` int(10) UNSIGNED NOT NULL AUTO_INCREMENT, AUTO_INCREMENT=10;
COMMIT;

/*!40101 SET CHARACTER_SET_CLIENT=@OLD_CHARACTER_SET_CLIENT */;
/*!40101 SET CHARACTER_SET_RESULTS=@OLD_CHARACTER_SET_RESULTS */;
/*!40101 SET COLLATION_CONNECTION=@OLD_COLLATION_CONNECTION */;
